MAX,MIX,DICE,DT,FOREST,Backstepping_1,Backstepping_2,Backstepping_3,Backstepping_4
[219.1366648675244],[157.52857994952817],[158.5861948246539],[156.5429604631664],[157.00724231267407],[140.31334799783482],[174.0087051256638],[247.95283519752698],[245.5320985102707]
